node_1,node_2
0,611
0,580
0,201
0,78
0,163
0,951
0,88
0,218
1,1
1,580
1,552
1,337
1,84
1,443
1,958
2,2
2,163
2,580
2,773
2,201
2,951
2,844
2,78
2,611
2,693
2,246
2,791
2,218
2,59
2,541
3,728
3,960
3,908
3,421
3,206
4,739
4,68
4,454
4,774
4,263
4,202
4,172
4,792
4,496
4,145
4,180
4,565
4,4
4,599
4,88
4,580
4,346
4,382
5,897
5,388
5,648
5,779
5,537
5,111
5,927
5,32
5,557
5,433
5,702
5,322
5,963
5,326
5,839
5,328
5,716
5,718
5,90
5,488
5,489
5,234
5,747
5,110
5,239
5,498
5,885
5,374
6,19
6,801
6,68
6,6
6,167
6,810
6,812
6,46
6,335
6,83
6,278
6,580
7,580
7,421
7,776
7,206
7,594
7,254
7,893
7,702
8,580
8,461
8,206
8,464
8,980
8,533
9,128
9,647
9,904
9,10
9,482
9,276
9,149
9,794
9,412
9,866
9,417
9,291
9,966
9,295
9,40
9,92
9,298
9,427
9,685
9,947
9,950
9,439
9,447
9,832
9,70
9,71
9,74
9,845
9,206
9,976
9,722
9,675
9,980
9,856
9,218
9,348
9,353
9,98
9,229
9,746
9,679
9,626
9,467
9,630
9,508
9,382
9,865
10,128
10,130
10,390
10,647
10,904
10,10
10,14
10,655
10,657
10,866
10,659
10,276
10,149
10,790
10,921
10,412
10,947
10,160
10,417
10,162
10,163
10,966
10,295
10,40
10,298
10,939
10,305
10,563
10,862
10,950
10,439
10,722
10,186
10,187
10,650
10,447
10,832
10,449
10,578
10,963
10,580
10,70
10,71
10,201
10,74
10,951
10,845
10,78
10,976
10,82
10,291
10,482
10,856
10,218
10,348
10,349
10,734
10,479
10,865
10,98
10,611
10,229
10,97
10,746
10,679
10,748
10,338
10,711
10,353
10,368
10,626
10,243
10,254
10,630
10,508
10,126
10,511
11,770
11,420
11,235
11,852
11,315
11,604
12,97
12,165
12,774
12,875
12,12
12,109
12,79
12,205
12,723
12,754
12,666
12,635
12,28
12,581
13,321
13,163
13,263
13,360
13,795
13,427
13,909
13,46
13,303
13,338
13,963
13,916
13,615
13,601
13,474
13,883
13,702
14,162
14,291
14,70
14,711
14,748
14,930
14,14
14,368
14,657
14,82
14,563
14,659
14,187
14,382
15,456
15,944
15,975
15,953
16,256
16,420
16,719
16,83
16,213
16,794
16,315
16,254
16,693
17,932
17,741
17,102
17,72
17,942
17,168
17,435
17,596
17,691
17,823
17,222
18,163
18,580
18,780
18,872
18,201
18,618
18,951
18,524
18,526
18,611
18,78
18,790
18,265
18,218
18,58
18,469
19,19
19,801
19,68
19,167
19,810
19,812
19,46
19,335
19,83
19,278
19,580
20,834
20,260
20,598
20,520
20,842
20,812
20,173
20,558
20,278
20,535
20,196
20,26
20,858
21,579
21,580
21,421
21,372
21,790
21,980
22,897
22,388
22,790
22,779
22,322
22,143
22,22
22,576
22,537
22,111
22,927
22,32
22,557
22,702
22,192
22,194
22,326
22,839
22,969
22,330
22,718
22,338
22,339
22,488
22,234
22,110
22,239
22,498
22,885
22,374
23,897
23,388
23,133
23,779
23,531
23,790
23,23
23,537
23,239
23,797
23,927
23,261
23,557
23,817
23,702
23,322
23,326
23,839
23,718
23,339
23,740
23,103
23,360
23,617
23,234
23,110
23,111
23,488
23,498
23,83
23,885
23,374
24,640
24,783
24,402
24,790
24,663
24,152
24,580
24,539
24,32
24,546
24,27
24,38
24,47
24,826
24,68
24,488
24,839
24,203
24,718
24,339
24,728
24,742
24,360
24,110
24,497
24,118
24,255
25,32
25,763
25,132
25,37
25,393
25,270
25,754
25,371
25,905
25,580
25,283
25,36
25,606
25,639
26,260
26,167
26,500
26,337
26,84
26,196
26,535
26,443
27,32
27,640
27,354
27,483
27,68
27,742
27,721
27,961
27,546
27,781
27,376
27,274
27,963
27,495
27,702
27,790
27,697
27,228
27,27
27,254
28,774
28,493
28,404
28,661
28,794
28,926
28,543
28,160
28,430
28,414
28,57
28,581
28,205
28,464
28,723
28,85
28,224
28,97
28,359
28,875
28,109
28,752
28,884
29,320
29,800
29,195
29,462
29,113
29,754
29,126
29,280
29,444
29,894
29,821
30,80
30,972
30,702
31,384
31,289
31,514
31,200
31,717
31,207
31,945
31,538
32,522
32,855
32,527
32,529
32,530
32,36
32,37
32,550
32,551
32,552
32,43
32,47
32,48
32,49
32,53
32,567
32,180
32,570
32,67
32,68
32,73
32,75
32,79
32,81
32,598
32,88
32,603
32,92
32,607
32,610
32,612
32,614
32,615
32,105
32,957
32,625
32,634
32,127
32,640
32,642
32,790
32,136
32,651
32,652
32,658
32,150
32,151
32,153
32,666
32,155
32,669
32,158
32,161
32,539
32,676
32,165
32,680
32,170
32,683
32,686
32,175
32,689
32,692
32,693
32,185
32,188
32,701
32,702
32,709
32,199
32,206
32,209
32,774
32,727
32,728
32,729
32,219
32,221
32,738
32,739
32,228
32,230
32,231
32,234
32,241
32,242
32,247
32,762
32,639
32,765
32,766
32,260
32,262
32,775
32,266
32,215
32,268
32,687
32,278
32,282
32,805
32,807
32,297
32,816
32,309
32,825
32,827
32,316
32,565
32,321
32,834
32,907
32,330
32,339
32,341
32,342
32,569
32,859
32,351
32,358
32,779
32,361
32,877
32,879
32,887
32,890
32,379
32,892
32,893
32,383
32,390
32,906
32,663
32,909
32,399
32,400
32,403
32,580
32,410
32,415
32,416
32,667
32,421
32,934
32,425
32,842
32,958
32,448
32,964
32,970
32,677
32,481
32,579
32,851
32,501
32,504
32,505
32,507
33,384
33,33
33,742
33,808
33,395
33,494
33,496
33,61
34,188
34,117
34,174
35,516
35,133
35,405
35,152
35,929
35,35
35,42
35,560
35,115
35,184
35,442
35,702
35,964
35,586
35,587
35,332
35,590
35,733
35,609
35,613
35,750
35,497
35,243
35,123
35,938
35,255
36,283
36,132
36,37
36,639
36,906
36,270
36,580
36,754
36,814
36,954
36,763
36,36
36,309
37,808
37,777
37,906
37,580
37,54
38,68
38,101
38,742
38,400
38,790
38,580
38,603
38,702
38,351
39,848
39,624
39,515
39,646
39,39
39,555
39,494
39,591
39,176
39,943
39,542
40,128
40,647
40,904
40,482
40,276
40,412
40,866
40,417
40,291
40,966
40,295
40,298
40,947
40,950
40,439
40,447
40,832
40,70
40,71
40,74
40,845
40,206
40,976
40,338
40,467
40,980
40,856
40,218
40,348
40,353
40,98
40,868
40,229
40,746
40,679
40,722
40,626
40,630
40,508
40,865
41,258
41,103
41,236
41,556
41,621
41,44
41,688
41,977
41,946
41,243
41,790
41,617
41,60
41,895
42,516
42,405
42,790
42,152
42,964
42,42
42,560
42,243
42,184
42,702
42,68
42,590
42,206
42,733
42,609
42,613
42,742
42,750
42,497
42,115
42,938
42,661
43,262
43,489
43,338
43,468
43,790
43,379
43,477
43,702
44,544
44,258
44,355
44,580
44,103
44,761
44,556
44,621
44,688
44,977
44,946
44,963
44,236
44,790
44,617
44,441
44,60
44,895
45,225
45,163
45,580
45,201
45,78
45,527
45,611
45,951
45,218
46,661
46,790
46,801
46,774
46,812
46,687
46,190
46,580
46,390
46,375
46,206
46,335
46,980
46,165
46,742
46,880
46,754
46,887
46,635
47,269
47,400
47,790
47,663
47,708
47,676
47,421
47,175
47,826
47,701
47,702
47,68
47,330
47,909
47,339
47,603
47,92
47,351
47,615
47,360
47,106
47,747
47,110
47,805
47,887
47,633
48,268
48,530
48,150
48,158
48,550
48,425
48,48
48,689
48,827
48,957
48,448
48,68
48,75
48,851
48,342
48,607
48,358
48,879
48,504
48,762
48,383
49,481
49,386
49,931
49,68
49,571
49,615
49,314
49,105
49,524
49,790
49,666
49,155
49,573
50,580
50,68
50,469
51,290
51,580
51,550
51,425
51,173
51,622
51,369
51,51
51,278
51,851
51,827
51,158
51,383
52,473
52,250
52,183
53,785
53,790
53,536
53,708
53,307
53,949
53,566
53,190
53,963
53,580
53,327
53,119
53,338
53,728
53,603
53,861
53,742
53,749
53,753
53,702
53,375
53,633
53,254
54,96
54,384
54,549
54,580
54,774
54,423
54,808
54,777
54,428
54,237
54,525
54,720
54,754
54,252
54,406
54,809
54,380
54,965
55,912
56,384
56,518
56,620
56,406
56,156
56,774
56,808
56,171
56,819
56,568
56,829
56,200
56,720
56,56
56,725
56,855
56,480
56,738
56,484
56,636
56,364
56,240
56,372
56,245
56,252
57,385
57,774
57,266
57,654
57,404
57,790
57,884
57,794
57,669
57,414
57,543
57,880
57,676
57,165
57,430
57,687
57,177
57,841
57,57
57,314
57,580
57,584
57,588
57,76
57,77
57,589
57,464
57,81
57,980
57,85
57,855
57,89
57,862
57,224
57,208
57,763
57,357
57,359
57,874
57,493
57,752
57,372
57,635
57,767
58,675
58,780
58,359
58,872
58,265
58,618
58,524
58,653
58,526
58,980
58,661
58,58
58,469
59,619
59,146
59,790
59,791
59,411
59,163
59,165
59,693
59,951
59,580
59,201
59,844
59,78
59,211
59,334
59,218
59,611
59,105
59,490
59,107
59,83
59,246
59,637
60,544
60,258
60,355
60,68
60,103
60,761
60,621
60,688
60,580
60,946
60,243
60,948
60,236
60,790
60,617
60,977
60,441
60,895
60,556
61,384
61,742
61,808
61,395
61,494
61,496
61,61
62,963
62,580
62,742
62,231
62,360
62,650
62,359
62,908
62,338
62,206
62,303
62,210
62,843
62,402
62,601
62,702
63,580
63,790
63,294
63,63
63,459
63,593
63,116
63,118
63,255
63,702
63,159
64,194
64,163
64,580
64,389
64,201
64,138
64,779
64,898
64,78
64,611
64,182
64,951
64,218
64,413
64,901
65,65
65,290
65,292
65,582
65,449
65,75
65,396
65,470
65,580
65,922
65,254
66,402
66,243
67,67
67,580
67,165
67,614
67,615
67,650
67,363
67,635
67,790
67,275
67,692
67,763
67,726
67,153
67,730
67,219
67,915
68,683
68,522
68,530
68,516
68,551
68,553
68,560
68,565
68,568
68,579
68,580
68,69
68,780
68,75
68,590
68,82
68,598
68,599
68,88
68,603
68,92
68,607
68,613
68,614
68,701
68,624
68,121
68,640
68,642
68,646
68,648
68,144
68,657
68,150
68,155
68,158
68,674
68,676
68,165
68,171
68,172
68,689
68,180
68,693
68,184
68,189
68,702
68,705
68,801
68,718
68,721
68,215
68,728
68,219
68,733
68,739
68,550
68,744
68,234
68,241
68,762
68,255
68,774
68,775
68,265
68,266
68,268
68,274
68,790
68,792
68,559
68,804
68,805
68,807
68,812
68,819
68,827
68,330
68,335
68,851
68,341
68,342
68,855
68,346
68,351
68,352
68,357
68,358
68,360
68,879
68,880
68,374
68,381
68,382
68,383
68,909
68,400
68,405
68,667
68,421
68,425
68,433
68,670
68,585
68,442
68,957
68,448
68,961
68,454
68,469
68,481
68,487
68,488
68,496
68,497
68,504
68,507
69,580
69,702
69,742
69,673
70,128
70,647
70,904
70,563
70,659
70,276
70,412
70,866
70,417
70,162
70,291
70,295
70,298
70,711
70,947
70,950
70,439
70,187
70,832
70,966
70,71
70,74
70,930
70,845
70,976
70,82
70,482
70,856
70,348
70,353
70,98
70,229
70,657
70,746
70,679
70,748
70,722
70,368
70,626
70,630
70,508
70,382
70,865
71,128
71,647
71,904
71,482
71,276
71,412
71,866
71,417
71,291
71,295
71,298
71,685
71,947
71,950
71,439
71,190
71,447
71,832
71,966
71,865
71,74
71,845
71,206
71,976
71,722
71,675
71,980
71,856
71,345
71,218
71,348
71,353
71,98
71,229
71,359
71,746
71,679
71,626
71,467
71,464
71,630
71,508
71,382
72,932
72,741
72,102
72,168
72,942
72,850
72,435
72,691
72,823
72,222
72,789
73,825
73,773
73,870
73,583
73,392
73,199
73,658
73,144
73,625
73,338
73,820
73,407
73,793
73,956
74,128
74,647
74,904
74,482
74,276
74,412
74,866
74,417
74,291
74,966
74,295
74,92
74,298
74,427
74,947
74,950
74,439
74,447
74,832
74,963
74,845
74,206
74,976
74,338
74,467
74,980
74,856
74,601
74,218
74,348
74,353
74,98
74,229
74,489
74,746
74,679
74,722
74,626
74,630
74,508
74,865
75,342
75,396
75,530
75,150
75,922
75,290
75,292
75,689
75,957
75,448
75,582
75,268
75,470
75,607
75,358
75,879
75,504
75,762
76,385
76,403
76,404
76,149
76,790
76,666
76,794
76,414
76,543
76,430
76,568
76,464
76,85
76,224
76,610
76,359
76,615
76,876
76,493
76,752
76,884
76,889
77,775
77,909
77,270
77,404
77,790
77,794
77,414
77,543
77,676
77,421
77,430
77,821
77,580
77,330
77,206
77,464
77,85
77,728
77,92
77,805
77,224
77,227
77,359
77,493
77,752
77,754
77,884
78,384
78,133
78,390
78,391
78,269
78,142
78,655
78,912
78,963
78,149
78,661
78,790
78,920
78,923
78,346
78,285
78,517
78,416
78,291
78,862
78,774
78,406
78,807
78,681
78,773
78,693
78,822
78,868
78,308
78,186
78,650
78,318
78,449
78,194
78,451
78,580
78,951
78,844
78,206
78,81
78,338
78,675
78,334
78,185
78,706
78,345
78,602
78,475
78,220
78,734
78,165
78,97
78,732
78,615
78,104
78,489
78,106
78,254
78,881
78,754
78,243
78,117
78,617
78,83
78,218
78,507
78,126
78,511
79,416
79,580
79,774
79,909
79,875
79,109
79,205
79,723
79,859
80,902
80,648
80,972
80,433
80,243
80,702
80,790
80,572
81,404
81,410
81,794
81,414
81,543
81,545
81,163
81,430
81,687
81,816
81,951
81,321
81,580
81,967
81,201
81,846
81,208
81,466
81,416
81,980
81,218
81,221
81,224
81,464
81,611
81,359
81,493
81,752
81,206
81,884
81,501
81,892
81,85
82,449
82,130
82,711
82,939
82,748
82,368
82,659
82,580
82,187
82,349
82,734
83,897
83,716
83,133
83,531
83,152
83,797
83,801
83,163
83,170
83,812
83,817
83,690
83,308
83,693
83,951
83,188
83,450
83,323
83,580
83,929
83,201
83,586
83,332
83,333
83,335
83,214
83,729
83,218
83,611
83,740
83,485
83,579
83,682
84,260
84,520
84,580
84,337
84,500
84,535
84,84
84,443
84,858
85,588
85,385
85,774
85,266
85,909
85,654
85,790
85,669
85,880
85,676
85,165
85,687
85,177
85,314
85,580
85,584
85,841
85,330
85,589
85,208
85,980
85,855
85,89
85,92
85,862
85,805
85,763
85,357
85,421
85,874
85,752
85,372
85,635
85,767
86,266
86,909
86,785
86,661
86,790
86,536
86,452
86,284
86,669
86,676
86,421
86,687
86,432
86,566
86,223
86,831
86,580
86,327
86,841
86,330
86,588
86,206
86,467
86,340
86,92
86,862
86,805
86,357
86,742
86,273
86,871
86,749
86,755
86,884
86,758
86,375
86,888
86,980
86,319
86,254
87,253
87,795
87,702
87,254
87,127
88,579
88,454
88,263
88,360
88,202
88,935
88,172
88,145
88,446
88,599
88,382
88,693
89,224
89,464
89,580
89,742
89,615
89,359
89,414
89,493
89,430
89,285
89,206
89,404
89,790
89,794
89,752
89,884
89,543
90,161
90,742
90,243
90,231
90,339
90,702
90,790
90,539
90,254
91,472
91,465
91,819
91,244
92,128
92,647
92,904
92,266
92,270
92,482
92,914
92,661
92,580
92,687
92,414
92,880
92,679
92,615
92,777
92,871
92,564
92,821
92,439
92,95
92,828
92,573
92,190
92,831
92,966
92,841
92,206
92,339
92,724
92,855
92,348
92,221
92,351
92,353
92,98
92,699
92,742
92,487
92,743
92,752
92,754
92,372
92,319
92,507
92,765
92,766
92,767
93,628
93,979
93,580
93,774
94,757
94,933
94,94
94,341
95,227
95,356
95,421
95,330
95,909
95,112
95,580
95,562
95,790
95,249
95,676
95,765
95,914
95,805
96,96
96,384
96,580
96,965
96,774
96,423
96,808
96,777
96,428
96,623
96,754
96,252
96,380
97,291
97,580
97,581
97,774
97,391
97,201
97,875
97,109
97,205
97,611
97,951
97,723
97,439
97,218
97,348
97,163
97,874
98,128
98,647
98,904
98,785
98,866
98,276
98,790
98,412
98,285
98,417
98,291
98,966
98,295
98,298
98,427
98,947
98,950
98,439
98,447
98,832
98,845
98,206
98,976
98,722
98,467
98,856
98,218
98,348
98,353
98,482
98,229
98,489
98,746
98,679
98,626
98,630
98,681
98,508
98,382
98,865
99,690
99,141
99,631
100,646
100,266
100,273
100,661
100,790
100,580
100,669
100,687
100,831
100,452
100,841
100,588
100,206
100,980
100,862
100,357
100,742
100,624
100,884
100,758
100,319
100,254
102,168
103,544
103,897
103,258
103,355
103,740
103,817
103,977
103,605
103,688
103,497
103,946
103,531
103,236
103,895
103,797
103,556
104,611
104,580
104,774
104,776
104,201
104,163
104,628
104,951
104,218
104,979
105,642
105,411
105,360
105,490
105,619
105,844
105,146
105,211
105,637
106,320
106,126
106,611
106,580
106,163
106,201
106,951
106,269
106,339
106,181
106,311
106,218
106,285
106,894
106,671
107,739
107,490
107,619
107,844
107,146
107,211
107,180
107,411
107,637
108,517
108,390
108,903
108,650
108,779
108,143
108,963
108,149
108,790
108,291
108,807
108,559
108,862
108,186
108,778
108,576
108,449
108,194
108,835
108,580
108,206
108,338
108,734
108,864
108,615
108,108
108,243
108,126
108,248
108,254
109,581
109,774
109,875
109,754
109,723
109,666
109,635
109,165
110,256
110,897
110,388
110,779
110,400
110,531
110,790
110,537
110,539
110,797
110,927
110,161
110,422
110,424
110,557
110,817
110,111
110,151
110,702
110,322
110,326
110,839
110,718
110,338
110,339
110,728
110,603
110,351
110,740
110,742
110,487
110,488
110,234
110,747
110,239
110,744
110,498
110,243
110,885
110,374
111,897
111,388
111,779
111,531
111,537
111,539
111,797
111,927
111,161
111,422
111,424
111,557
111,817
111,826
111,702
111,322
111,580
111,326
111,839
111,718
111,339
111,740
111,487
111,488
111,234
111,747
111,239
111,744
111,498
111,885
111,374
112,227
112,580
112,615
112,681
112,752
112,980
112,790
112,765
113,868
113,742
113,462
113,754
113,980
113,575
114,320
114,193
114,802
114,419
114,580
114,611
114,615
114,840
114,331
114,370
114,302
114,367
114,114
114,771
114,788
114,181
114,920
114,836
114,350
114,799
115,609
115,964
115,613
115,750
115,929
115,587
115,332
115,590
115,733
115,560
115,497
115,586
115,580
115,184
115,516
115,152
115,938
115,702
115,405
116,580
116,790
116,294
116,459
116,255
116,593
116,116
116,118
116,702
116,159
117,611
117,580
117,163
117,201
117,355
117,685
117,243
117,884
117,951
117,474
117,218
117,862
118,603
118,580
118,294
118,459
118,255
118,400
118,593
118,351
118,790
118,442
118,159
118,702
119,677
119,615
119,753
119,307
119,790
119,603
119,861
119,702
119,949
120,680
120,209
120,580
120,702
121,579
121,580
121,133
121,742
121,615
121,173
121,790
122,170
122,923
122,548
123,928
123,257
123,964
123,864
123,769
123,365
123,272
123,981
123,152
123,253
123,702
124,963
124,580
124,742
124,202
124,267
124,303
124,790
124,601
124,702
125,963
125,580
125,203
125,303
125,307
125,790
125,601
125,347
125,702
125,351
126,130
126,939
126,390
126,903
126,904
126,748
126,908
126,143
126,963
126,149
126,580
126,346
126,474
126,163
126,291
126,681
126,298
126,811
126,685
126,303
126,947
126,862
126,951
126,185
126,186
126,778
126,576
126,449
126,835
126,452
126,197
126,650
126,201
126,338
126,931
126,334
126,600
126,601
126,218
126,349
126,734
126,611
126,868
126,489
126,754
126,243
126,285
126,248
126,377
126,254
127,769
127,163
127,708
127,909
127,928
127,243
127,702
127,790
127,633
127,190
128,647
128,904
128,785
128,276
128,412
128,866
128,414
128,417
128,291
128,966
128,295
128,298
128,427
128,685
128,947
128,950
128,439
128,190
128,447
128,832
128,845
128,206
128,976
128,722
128,675
128,980
128,482
128,856
128,218
128,348
128,353
128,229
128,359
128,746
128,679
128,626
128,467
128,630
128,508
128,382
128,865
129,196
129,558
129,337
129,178
129,312
129,580
130,390
130,655
130,657
130,963
130,149
130,790
130,162
130,163
130,939
130,303
130,563
130,862
130,822
130,186
130,650
130,578
130,451
130,580
130,338
130,291
130,601
130,475
130,220
130,734
130,748
130,243
130,254
130,511
131,233
131,271
131,373
131,183
132,580
132,906
132,790
133,897
133,517
133,531
133,797
133,133
133,163
133,552
133,297
133,682
133,817
133,693
133,694
133,951
133,958
133,718
133,580
133,201
133,587
133,716
133,333
133,724
133,213
133,214
133,218
133,226
133,611
133,740
133,485
133,232
133,234
133,492
133,753
134,763
134,735
135,496
135,154
135,325
135,494
136,579
136,580
137,907
137,360
137,137
137,203
137,981
137,713
137,702
138,489
138,182
138,649
139,206
139,467
139,340
139,566
139,888
139,223
140,800
140,624
140,610
140,580
140,165
140,775
140,650
140,738
140,528
140,645
140,866
140,243
140,661
140,790
140,890
140,892
140,317
140,581
141,381
142,449
142,162
142,611
142,580
142,163
142,833
142,291
142,951
142,706
142,655
142,963
142,308
142,201
142,857
142,602
142,732
142,218
142,318
142,959
143,517
143,390
143,650
143,779
143,149
143,790
143,291
143,807
143,559
143,734
143,186
143,449
143,194
143,963
143,580
143,326
143,206
143,862
143,864
143,615
143,243
143,254
143,248
144,871
145,739
145,454
145,774
145,361
145,970
145,651
145,172
145,727
145,496
145,792
145,180
145,565
145,599
145,580
145,346
145,382
146,619
146,490
146,844
146,146
146,211
146,411
146,637
147,170
147,923
147,548
148,712
148,329
148,301
148,254
148,790
148,151
148,702
149,576
149,939
149,774
149,903
149,908
149,963
149,601
149,474
149,163
149,862
149,390
149,811
149,685
149,303
149,675
149,951
149,186
149,778
149,320
149,449
149,835
149,580
149,197
149,650
149,201
149,748
149,254
149,338
149,291
149,889
149,600
149,345
149,218
149,349
149,734
149,611
149,359
149,243
149,248
149,377
149,894
150,268
150,530
150,150
150,158
150,550
150,425
150,689
150,827
150,957
150,448
150,851
150,342
150,607
150,358
150,879
150,504
150,762
150,383
151,675
151,615
151,301
151,661
151,790
151,506
151,702
152,516
152,263
152,650
152,909
152,400
152,405
152,284
152,551
152,169
152,173
152,303
152,560
152,755
152,693
152,184
152,443
152,316
152,702
152,191
152,963
152,964
152,456
152,587
152,206
152,163
152,590
152,598
152,215
152,601
152,603
152,733
152,862
152,351
152,609
152,613
152,750
152,497
152,375
152,938
152,661
153,580
153,165
153,614
153,615
153,650
153,363
153,635
153,790
153,275
153,692
153,763
153,726
153,153
153,730
153,219
153,915
154,496
154,154
154,325
154,494
155,481
155,642
155,615
155,522
155,790
155,580
155,314
155,571
155,573
156,224
156,384
156,738
156,675
156,910
156,641
156,553
156,855
156,620
156,366
156,206
156,499
156,980
156,245
156,745
156,787
156,636
156,703
157,288
157,672
157,450
157,476
157,510
158,448
158,342
158,358
158,689
158,268
158,173
158,879
158,369
158,530
158,504
158,762
158,957
158,607
159,580
159,790
159,294
159,459
159,159
159,593
159,255
159,702
160,291
160,580
160,774
160,391
161,897
161,388
161,779
161,537
161,239
161,927
161,557
161,826
161,702
161,322
161,963
161,326
161,839
161,328
161,716
161,718
161,488
161,489
161,234
161,747
161,498
161,885
161,374
162,655
162,659
162,162
162,291
162,939
162,303
162,187
162,449
162,963
162,580
162,711
162,349
162,734
162,748
162,368
162,894
162,511
163,513
163,517
163,580
163,586
163,594
163,602
163,610
163,612
163,615
163,617
163,650
163,706
163,655
163,963
163,661
163,662
163,675
163,165
163,681
163,179
163,693
163,185
163,186
163,194
163,206
163,721
163,218
163,220
163,734
163,748
163,754
163,243
163,254
163,773
163,774
163,269
163,274
163,790
163,285
163,291
163,807
163,732
163,308
163,822
163,318
163,844
163,334
163,338
163,345
163,346
163,349
163,862
163,864
163,868
163,881
163,378
163,384
163,390
163,391
163,912
163,406
163,920
163,923
163,416
163,929
163,939
163,951
163,449
163,451
163,332
163,475
163,489
163,506
163,507
163,511
164,227
164,645
164,489
164,493
164,206
164,317
164,338
164,963
164,980
164,285
165,518
165,521
165,528
165,540
165,543
165,549
165,566
165,567
165,580
165,600
165,611
165,615
165,625
165,635
165,650
165,658
165,661
165,165
165,686
165,692
165,695
165,197
165,199
165,201
165,205
165,206
165,723
165,218
165,223
165,224
165,237
165,752
165,754
165,755
165,247
165,773
165,774
165,777
165,786
165,899
165,794
165,795
165,284
165,287
165,808
165,300
165,814
165,825
165,340
165,856
165,860
165,866
165,359
165,360
165,875
165,877
165,884
165,888
165,377
165,916
165,387
165,908
165,913
165,404
165,414
165,426
165,427
165,430
165,431
165,243
165,951
165,954
165,445
165,968
165,971
165,460
165,974
165,464
165,467
165,980
165,486
165,493
166,544
166,441
166,450
166,556
166,761
167,801
167,520
167,585
167,812
167,335
167,535
167,858
168,513
168,932
168,741
168,942
168,435
168,596
168,691
168,179
168,168
168,506
168,222
169,929
169,963
169,586
169,332
169,243
170,579
170,790
170,548
170,923
171,549
171,465
171,615
171,408
171,244
171,661
171,790
171,580
171,282
171,634
172,739
172,774
172,454
172,263
172,202
172,172
172,792
172,496
172,180
172,565
172,580
172,599
172,346
172,382
173,527
173,278
173,929
173,290
173,550
173,425
173,827
173,579
173,580
173,586
173,332
173,851
173,728
173,234
173,622
173,369
173,383
174,355
174,884
174,243
175,580
175,702
176,848
176,624
176,515
176,555
176,494
176,591
176,176
176,943
176,542
177,266
177,580
177,273
177,404
177,661
177,790
177,409
177,794
177,284
177,669
177,414
177,543
177,547
177,685
177,430
177,687
177,432
177,319
177,321
177,452
177,841
177,588
177,206
177,464
177,803
177,980
177,474
177,862
177,224
177,357
177,742
177,359
177,871
177,493
177,752
177,755
177,884
177,758
177,831
177,254
178,196
178,337
178,178
178,312
178,580
179,643
179,804
179,837
179,496
179,277
179,693
180,180
180,454
180,582
180,263
180,425
180,202
180,807
180,580
180,739
180,529
180,278
180,599
180,963
180,349
180,382
181,771
181,449
181,788
181,920
181,836
181,802
181,291
181,302
181,185
181,193
181,580
181,840
181,331
181,419
181,218
181,350
181,489
181,367
181,370
181,243
181,894
182,192
182,194
182,869
182,649
182,489
182,597
182,969
182,389
183,838
183,201
183,891
183,940
183,813
183,974
183,271
183,336
183,373
183,313
183,660
183,250
183,751
183,796
184,516
184,405
184,790
184,964
184,560
184,184
184,702
184,590
184,206
184,733
184,609
184,613
184,742
184,750
184,497
184,243
184,938
184,661
185,320
185,580
185,894
185,615
185,201
185,611
185,790
185,951
185,218
185,285
186,257
186,939
186,390
186,903
186,748
186,908
186,272
186,835
186,790
186,474
186,861
186,832
186,930
186,881
186,938
186,811
186,685
186,303
186,862
186,950
186,951
186,778
186,576
186,449
186,963
186,580
186,197
186,650
186,201
186,320
186,338
186,291
186,213
186,600
186,601
186,218
186,349
186,734
186,611
186,365
186,254
186,753
186,243
186,248
186,894
187,291
187,711
187,748
187,930
187,368
187,657
187,563
187,659
187,187
187,382
188,580
188,693
188,729
189,580
189,674
189,189
189,804
190,257
190,645
190,909
190,749
190,272
190,785
190,274
190,916
190,790
190,536
190,795
190,540
190,417
190,676
190,421
190,294
190,295
190,860
190,427
190,566
190,223
190,580
190,330
190,738
190,206
190,721
190,467
190,340
190,384
190,677
190,610
190,742
190,486
190,615
190,232
190,327
190,365
190,805
190,375
190,888
190,724
190,980
191,552
191,457
191,234
191,337
191,882
191,443
191,191
192,449
192,291
192,452
192,779
192,561
192,243
192,580
192,218
192,511
192,285
192,254
192,927
193,320
193,193
193,802
193,419
193,580
193,611
193,615
193,840
193,331
193,370
193,302
193,367
193,771
193,788
193,920
193,836
193,350
193,799
194,576
194,898
194,901
194,903
194,778
194,779
194,580
194,285
194,927
194,673
194,294
194,424
194,561
194,951
194,931
194,449
194,835
194,452
194,583
194,201
194,338
194,291
194,218
194,611
194,498
194,243
194,248
194,254
194,511
195,868
195,742
195,462
195,754
195,980
195,890
196,834
196,260
196,517
196,520
196,842
196,491
196,337
196,535
196,312
196,580
196,858
197,734
197,449
197,291
197,580
197,390
197,489
197,266
197,203
197,400
197,254
197,338
197,963
197,862
197,218
197,894
197,650
198,385
198,774
199,580
199,742
199,583
199,615
199,790
199,407
199,956
199,773
200,384
200,289
200,514
200,620
200,717
200,207
200,945
200,538
200,636
201,384
201,390
201,391
201,269
201,655
201,912
201,963
201,868
201,406
201,473
201,920
201,580
201,923
201,346
201,285
201,517
201,416
201,291
201,862
201,807
201,681
201,790
201,675
201,773
201,693
201,822
201,650
201,318
201,449
201,451
201,308
201,951
201,844
201,206
201,774
201,334
201,706
201,345
201,602
201,475
201,220
201,734
201,507
201,732
201,615
201,489
201,338
201,254
201,881
201,754
201,243
201,617
201,218
201,511
201,661
202,608
202,960
202,610
202,739
202,774
202,454
202,267
202,496
202,792
202,565
202,599
202,580
202,346
202,251
202,382
203,580
203,907
203,663
203,400
203,351
203,307
203,949
203,713
203,612
203,603
203,702
203,981
204,656
204,436
204,204
204,764
204,438
205,581
205,774
205,875
205,754
205,723
205,666
205,635
206,516
206,533
206,536
206,540
206,547
206,860
206,560
206,564
206,576
206,579
206,580
206,581
206,584
206,951
206,595
206,608
206,611
206,613
206,615
206,626
206,630
206,631
206,635
206,645
206,647
206,650
206,653
206,661
206,667
206,669
206,670
206,672
206,673
206,679
206,685
206,841
206,687
206,698
206,699
206,702
206,552
206,721
206,724
206,213
206,218
206,733
206,738
206,229
206,742
206,232
206,746
206,749
206,241
206,754
206,755
206,248
206,251
206,767
206,878
206,774
206,775
206,265
206,778
206,780
206,784
206,785
206,274
206,276
206,790
206,792
206,795
206,284
206,805
206,295
206,297
206,298
206,221
206,816
206,824
206,828
206,319
206,321
206,835
206,327
206,329
206,330
206,843
206,332
206,845
206,338
206,855
206,856
206,348
206,862
206,353
206,866
206,356
206,360
206,366
206,880
206,881
206,372
206,375
206,890
206,831
206,892
206,893
206,865
206,385
206,903
206,904
206,394
206,909
206,910
206,916
206,405
206,407
206,410
206,412
206,417
206,930
206,421
206,427
206,434
206,947
206,949
206,439
206,443
206,586
206,958
206,447
206,966
206,929
206,458
206,973
206,589
206,976
206,978
206,980
206,590
206,676
206,474
206,476
206,933
206,480
206,482
206,484
206,486
206,610
206,497
206,501
206,508
207,289
207,514
207,717
207,945
207,538
208,404
208,790
208,410
208,794
208,414
208,543
208,416
208,545
208,421
208,430
208,687
208,816
208,704
208,321
208,580
208,967
208,846
208,464
208,466
208,346
208,221
208,862
208,224
208,742
208,615
208,359
208,493
208,752
208,884
208,501
208,892
209,963
209,580
209,742
209,680
209,303
209,243
209,980
209,790
209,601
209,603
210,963
210,303
210,243
210,790
210,601
210,702
211,619
211,490
211,844
211,211
211,411
211,637
212,663
213,256
213,420
213,742
213,615
213,812
213,719
213,661
213,790
213,580
213,315
213,862
214,226
214,580
214,552
214,297
214,517
214,333
214,693
214,958
214,485
215,598
215,551
215,527
215,529
215,292
215,278
215,215
215,580
215,827
215,565
216,627
216,684
216,629
217,715
217,580
217,615
217,264
217,491
217,520
217,503
217,535
217,344
217,638
218,517
218,857
218,693
218,580
218,951
218,597
218,601
218,602
218,611
218,615
218,617
218,626
218,630
218,647
218,650
218,655
218,963
218,679
218,681
218,706
218,722
218,218
218,220
218,734
218,229
218,746
218,295
218,754
218,243
218,759
218,254
218,912
218,773
218,774
218,269
218,276
218,790
218,285
218,291
218,807
218,732
218,298
218,811
218,303
218,306
218,308
218,822
218,318
218,832
218,833
218,844
218,845
218,334
218,338
218,856
218,345
218,346
218,348
218,862
218,353
218,866
218,868
218,869
218,881
218,865
218,384
218,390
218,391
218,904
218,908
218,661
218,406
218,920
218,923
218,412
218,416
218,417
218,947
218,950
218,439
218,444
218,447
218,449
218,451
218,966
218,969
218,461
218,976
218,675
218,475
218,482
218,489
218,507
218,508
218,511
219,742
219,614
219,615
219,363
219,242
219,219
219,580
219,774
219,275
219,692
219,533
219,726
219,730
219,790
219,915
220,611
220,580
220,291
220,951
221,909
221,790
221,545
221,676
221,421
221,687
221,416
221,967
221,968
221,330
221,980
221,346
221,862
221,805
221,742
221,884
221,501
222,932
222,741
222,942
222,435
222,596
222,691
222,222
223,774
223,265
223,650
223,661
223,790
223,410
223,669
223,754
223,816
223,443
223,580
223,855
223,862
223,480
223,742
223,615
223,878
223,880
223,242
223,702
223,631
223,635
224,588
224,385
224,774
224,266
224,654
224,790
224,669
224,880
224,676
224,687
224,314
224,580
224,584
224,841
224,589
224,980
224,855
224,862
224,763
224,357
224,874
224,752
224,372
224,635
224,767
225,225
225,580
225,527
226,485
226,716
226,333
227,356
227,421
227,775
227,904
227,746
227,580
227,562
227,595
227,414
227,790
227,249
227,765
227,914
228,640
228,354
228,483
228,961
228,546
228,781
228,721
228,274
228,495
228,376
228,697
228,702
229,647
229,904
229,785
229,276
229,412
229,866
229,417
229,291
229,966
229,295
229,298
229,427
229,947
229,950
229,439
229,447
229,832
229,845
229,976
229,722
229,467
229,980
229,482
229,856
229,348
229,353
229,746
229,679
229,626
229,254
229,630
229,404
229,508
229,382
229,865
230,900
230,580
230,645
231,580
231,243
231,702
231,790
231,442
231,255
232,963
232,742
232,492
232,243
232,702
232,790
232,728
232,981
233,577
233,517
233,271
233,336
233,373
233,473
234,897
234,388
234,648
234,778
234,779
234,909
234,557
234,785
234,531
234,663
234,536
234,537
234,539
234,797
234,422
234,817
234,424
234,839
234,812
234,303
234,433
234,826
234,927
234,702
234,322
234,963
234,326
234,327
234,588
234,718
234,337
234,339
234,601
234,443
234,740
234,742
234,487
234,744
234,489
234,234
234,747
234,749
234,488
234,498
234,885
234,374
234,375
234,239
235,896
235,770
235,580
235,815
235,852
235,917
235,420
235,442
235,315
235,604
236,544
236,258
236,355
236,761
236,621
236,688
236,977
236,946
236,243
236,236
236,790
236,617
236,441
236,895
236,556
237,384
237,518
237,808
237,777
237,237
237,623
237,528
237,521
237,635
237,549
238,592
238,725
238,878
239,897
239,388
239,779
239,531
239,537
239,539
239,797
239,927
239,422
239,424
239,557
239,817
239,826
239,702
239,322
239,580
239,326
239,839
239,718
239,339
239,740
239,742
239,487
239,488
239,747
239,744
239,498
239,885
239,374
240,384
240,636
240,867
240,620
240,364
240,700
241,880
241,675
241,615
241,496
241,980
241,790
241,794
242,580
242,742
242,614
242,615
242,790
243,516
243,534
243,537
243,544
243,546
243,556
243,557
243,559
243,560
243,570
243,778
243,576
243,580
243,587
243,866
243,597
243,600
243,601
243,609
243,611
243,613
243,647
243,650
243,665
243,680
243,685
243,449
243,697
243,705
243,724
243,728
243,733
243,734
243,735
243,747
243,750
243,248
243,761
243,763
243,254
243,255
243,769
243,776
243,266
243,781
243,783
243,784
243,792
243,285
243,798
243,291
243,293
243,811
243,303
243,826
243,319
243,320
243,835
243,329
243,843
243,334
243,338
243,856
243,349
243,862
243,354
243,355
243,869
243,377
243,831
243,893
243,894
243,387
243,390
243,903
243,748
243,911
243,400
243,405
243,412
243,416
243,422
243,939
243,431
243,949
243,951
243,441
243,442
243,928
243,963
243,969
243,458
243,972
243,973
243,466
243,979
243,590
243,474
243,489
243,497
243,509
243,511
244,707
244,580
244,465
244,819
244,952
244,282
245,641
245,738
245,484
245,615
245,553
245,855
245,366
245,464
245,787
245,372
245,910
245,790
245,745
245,980
245,345
245,703
246,773
246,844
246,791
246,541
247,899
247,639
247,460
247,426
247,567
247,300
247,877
247,686
247,695
247,635
247,247
247,445
247,287
248,517
248,390
248,903
248,650
248,779
248,835
248,790
248,291
248,807
248,559
248,862
248,778
248,576
248,449
248,963
248,580
248,338
248,734
248,864
248,615
248,254
248,248
249,933
249,681
249,752
249,465
249,562
250,577
250,517
250,940
250,336
250,660
250,473
250,453
251,580
251,742
251,468
251,790
251,702
252,580
252,423
252,808
252,428
252,623
252,720
252,406
253,580
253,790
253,509
253,702
254,547
254,576
254,580
254,582
254,951
254,588
254,597
254,600
254,601
254,869
254,611
254,640
254,647
254,650
254,669
254,672
254,677
254,679
254,685
254,687
254,699
254,734
254,748
254,753
254,255
254,257
254,778
254,272
254,273
254,290
254,291
254,292
254,294
254,301
254,303
254,831
254,320
254,321
254,835
254,908
254,846
254,338
254,348
254,349
254,862
254,864
254,353
254,357
254,365
254,377
254,894
254,390
254,903
254,904
254,396
254,404
254,407
254,922
254,416
254,939
254,949
254,439
254,442
254,449
254,963
254,966
254,967
254,969
254,466
254,470
254,474
254,476
254,489
255,390
255,650
255,654
255,400
255,790
255,580
255,559
255,294
255,303
255,702
255,963
255,456
255,459
255,593
255,338
255,601
255,603
255,351
255,742
255,489
256,420
256,747
256,719
256,826
256,315
257,443
257,742
257,365
257,753
257,338
257,790
257,792
257,377
257,477
257,702
258,544
258,258
258,355
258,977
258,621
258,605
258,688
258,497
258,946
258,617
258,895
258,797
258,556
259,440
259,512
259,934
259,953
259,975
260,834
260,520
260,842
260,558
260,580
260,694
260,535
260,500
260,827
260,858
261,897
261,740
261,261
261,326
261,839
261,488
261,911
261,817
261,498
261,531
261,885
261,665
261,797
262,262
262,489
262,338
262,468
262,790
262,505
262,379
262,702
263,929
263,739
263,390
263,454
263,332
263,586
263,792
263,496
263,774
263,565
263,599
263,580
263,346
263,382
264,491
264,399
264,517
264,937
265,675
265,359
265,524
265,526
265,661
265,467
265,340
265,469
265,566
265,888
265,980
266,646
266,650
266,908
266,909
266,273
266,404
266,661
266,790
266,409
266,794
266,540
266,669
266,414
266,543
266,752
266,547
266,676
266,421
266,860
266,615
266,430
266,432
266,699
266,452
266,319
266,704
266,841
266,330
266,588
266,464
266,803
266,980
266,346
266,805
266,357
266,486
266,359
266,871
266,493
266,624
266,884
266,758
266,831
266,853
267,580
267,742
267,267
267,790
267,702
268,268
268,530
268,550
268,425
268,689
268,827
268,957
268,448
268,851
268,342
268,607
268,358
268,879
268,504
268,762
268,383
269,580
269,615
269,611
269,790
269,951
269,668
269,285
270,978
270,421
270,360
270,639
270,330
270,954
270,814
270,909
270,754
270,676
270,629
270,790
270,309
270,635
270,906
270,805
271,271
271,373
272,443
272,742
272,365
272,753
272,338
272,790
272,792
272,377
272,702
273,646
273,273
273,404
273,409
273,669
273,304
273,547
273,432
273,699
273,831
273,452
273,841
273,588
273,803
273,980
273,862
273,357
273,871
273,624
273,758
273,319
274,640
274,781
274,661
274,790
274,546
274,303
274,961
274,963
274,580
274,721
274,601
274,354
274,483
274,742
274,615
274,495
274,702
274,376
275,614
275,363
275,275
275,692
275,726
275,730
275,915
275,317
276,647
276,904
276,482
276,412
276,866
276,417
276,291
276,966
276,295
276,298
276,947
276,950
276,439
276,447
276,832
276,845
276,976
276,722
276,467
276,980
276,856
276,348
276,353
276,868
276,746
276,679
276,626
276,630
276,508
276,865
277,449
277,643
277,513
277,760
277,506
278,739
278,580
278,801
278,360
278,551
278,812
278,622
278,335
278,369
278,598
278,827
279,900
279,418
279,324
280,868
280,742
280,462
280,754
280,980
280,575
281,449
281,930
281,283
281,580
281,881
282,580
282,615
282,819
282,790
283,449
283,580
283,906
284,763
284,484
284,742
284,615
284,584
284,394
284,491
284,774
284,372
284,375
284,580
284,790
284,862
284,377
285,320
285,647
285,904
285,412
285,933
285,562
285,950
285,951
285,449
285,580
285,482
285,595
285,291
285,597
285,865
285,611
285,356
285,869
285,743
285,489
285,969
285,894
286,632
286,736
286,854
286,286
287,899
287,774
287,567
287,460
287,426
287,695
287,300
287,877
287,686
287,754
287,635
287,445
287,287
289,289
289,514
289,717
289,945
289,538
290,580
290,582
290,449
290,396
290,369
290,470
290,922
291,519
291,857
291,576
291,580
291,951
291,597
291,600
291,601
291,602
291,611
291,626
291,630
291,959
291,647
291,650
291,659
291,679
291,681
291,685
291,706
291,711
291,718
291,722
291,963
291,734
291,746
291,748
291,759
291,778
291,295
291,732
291,298
291,811
291,303
291,306
291,308
291,822
291,318
291,320
291,833
291,835
291,845
291,334
291,338
291,856
291,345
291,655
291,348
291,349
291,862
291,352
291,353
291,866
291,868
291,869
291,368
291,377
291,894
291,865
291,832
291,390
291,903
291,904
291,908
291,412
291,417
291,939
291,947
291,950
291,439
291,444
291,447
291,449
291,451
291,966
291,969
291,461
291,976
291,675
291,474
291,475
291,482
291,489
291,508
291,511
292,352
292,375
292,580
292,742
292,582
292,327
292,551
292,396
292,749
292,785
292,449
292,470
292,536
292,922
292,598
293,329
293,570
293,702
293,790
294,580
294,790
294,437
294,459
294,593
294,981
294,702
294,442
295,647
295,904
295,482
295,412
295,866
295,417
295,966
295,679
295,298
295,685
295,947
295,950
295,439
295,447
295,832
295,845
295,976
295,338
295,467
295,980
295,856
295,345
295,348
295,464
295,746
295,722
295,353
295,626
295,630
295,508
295,382
295,865
296,544
296,450
296,556
296,946
296,761
296,441
297,579
297,580
297,552
297,716
297,333
297,749
297,337
297,790
297,340
297,964
297,698
297,443
297,485
298,647
298,904
298,482
298,412
298,866
298,417
298,966
298,681
298,947
298,950
298,439
298,447
298,832
298,845
298,976
298,722
298,467
298,980
298,856
298,348
298,353
298,746
298,679
298,626
298,382
298,630
298,508
298,865
299,352
300,774
300,460
300,877
300,686
300,754
300,567
300,635
300,445
301,712
301,329
301,301
301,702
301,790
302,320
302,802
302,419
302,580
302,611
302,615
302,840
302,331
302,370
302,302
302,367
302,771
302,788
302,920
302,836
302,350
302,799
303,640
303,390
303,650
303,655
303,784
303,792
303,663
303,964
303,602
303,862
303,677
303,559
303,308
303,693
303,949
303,449
303,580
303,339
303,587
303,546
303,334
303,318
303,718
303,728
303,570
303,734
303,609
303,612
303,744
303,338
303,498
303,507
304,452
304,871
304,873
304,853
304,434
304,629
304,758
304,409
304,763
304,669
304,735
305,449
305,580
305,334
305,655
305,305
305,563
305,921
305,734
305,479
306,800
306,449
306,580
306,681
306,914
306,462
306,754
306,821
306,346
306,575
307,907
307,677
307,938
307,790
307,949
308,611
308,449
308,580
308,857
308,682
308,334
308,951
308,601
308,732
308,963
309,800
309,309
309,523
309,525
309,754
309,915
309,814
309,580
309,730
309,686
309,954
309,639
310,632
310,397
310,471
312,337
312,312
312,580
313,473
314,385
314,774
314,359
314,493
314,430
314,414
314,464
314,404
314,790
314,794
314,752
314,884
314,543
315,896
315,770
315,420
315,719
315,436
315,852
315,815
315,604
315,315
315,917
316,672
316,580
316,929
316,586
316,332
316,429
316,884
316,790
316,476
317,355
317,645
317,646
317,431
317,595
317,661
317,726
317,632
318,611
318,449
318,580
318,951
318,334
318,857
318,601
318,963
319,646
319,650
319,909
319,658
319,790
319,409
319,669
319,547
319,676
319,805
319,432
319,699
319,831
319,452
319,841
319,330
319,588
319,803
319,980
319,421
319,357
319,871
319,624
319,884
319,758
320,771
320,390
320,449
320,650
320,788
320,920
320,580
320,802
320,862
320,681
320,734
320,963
320,452
320,840
320,331
320,334
320,338
320,931
320,754
320,346
320,350
320,419
320,868
320,489
320,367
320,370
320,836
321,416
321,580
321,742
321,545
321,519
321,755
321,884
321,661
321,967
321,980
321,410
321,883
321,862
321,816
322,897
322,388
322,778
322,779
322,531
322,537
322,539
322,797
322,927
322,422
322,424
322,557
322,817
322,826
322,702
322,580
322,326
322,839
322,718
322,339
322,740
322,487
322,488
322,489
322,747
322,744
322,498
322,885
322,374
323,682
323,580
323,574
323,334
324,900
324,418
324,580
324,774
325,494
326,897
326,388
326,779
326,531
326,537
326,539
326,797
326,927
326,421
326,422
326,424
326,557
326,817
326,826
326,702
326,580
326,839
326,330
326,718
326,339
326,740
326,487
326,488
326,747
326,744
326,498
326,885
326,374
327,774
327,654
327,790
327,536
327,410
327,821
327,579
327,580
327,980
327,862
327,357
327,615
327,880
327,754
327,372
327,767
328,539
328,339
329,963
329,612
329,338
329,661
329,702
330,776
330,777
330,779
330,914
330,661
330,580
330,687
330,414
330,880
330,615
330,871
330,821
330,351
330,573
330,841
330,339
330,724
330,855
330,699
330,742
330,487
330,743
330,752
330,754
330,372
330,831
330,507
330,765
330,766
330,767
331,802
331,419
331,580
331,611
331,615
331,840
331,331
331,370
331,367
331,771
331,788
331,920
331,836
331,350
331,799
332,650
332,909
332,429
332,661
332,938
332,560
332,693
332,702
332,963
332,964
332,862
332,609
332,750
332,375
333,580
333,716
333,333
333,693
333,517
333,485
334,963
334,921
334,602
334,585
334,563
334,951
334,959
334,449
334,706
334,580
334,601
334,611
334,894
335,801
335,810
335,812
335,335
335,580
336,473
336,577
337,520
337,519
337,882
337,558
337,580
337,552
337,535
337,500
337,443
337,858
337,958
338,517
338,769
338,537
338,559
338,562
338,570
338,580
338,595
338,600
338,601
338,784
338,611
338,615
338,626
338,647
338,650
338,663
338,667
338,677
338,685
338,718
338,734
338,738
338,744
338,746
338,807
338,748
338,775
338,779
338,781
338,790
338,811
338,826
338,845
338,349
338,862
338,864
338,354
338,365
338,887
338,377
338,379
338,894
338,747
338,390
338,904
338,908
338,402
338,412
338,927
338,928
338,939
338,947
338,951
338,442
338,447
338,449
338,963
338,964
338,474
338,483
338,495
338,505
338,508
338,509
339,897
339,388
339,790
339,779
339,712
339,909
339,400
339,531
339,537
339,663
339,797
339,927
339,676
339,421
339,422
339,424
339,557
339,817
339,826
339,701
339,702
339,885
339,705
339,963
339,839
339,716
339,718
339,601
339,603
339,351
339,740
339,487
339,488
339,489
339,747
339,744
339,498
339,805
339,374
340,774
340,650
340,661
340,790
340,410
340,669
340,552
340,816
340,443
340,958
340,580
340,855
340,862
340,702
340,480
340,742
340,615
340,878
340,880
340,754
340,631
340,635
341,481
341,933
341,615
341,757
341,790
341,580
341,763
342,530
342,550
342,425
342,689
342,827
342,957
342,448
342,851
342,342
342,607
342,358
342,879
342,504
342,762
342,383
343,628
343,979
343,580
343,774
344,580
344,517
344,362
344,849
344,818
344,503
344,638
345,611
345,417
345,580
345,774
345,951
345,533
345,855
345,745
345,641
345,787
345,449
345,926
346,580
346,666
346,410
346,670
346,816
346,926
346,951
346,444
346,821
346,454
346,584
346,501
346,382
346,599
346,611
346,868
346,357
346,489
346,876
346,754
346,759
346,894
347,580
347,702
348,976
348,774
348,647
348,904
348,785
348,794
348,412
348,417
348,427
348,685
348,947
348,950
348,447
348,832
348,581
348,482
348,464
348,722
348,675
348,980
348,856
348,746
348,679
348,353
348,626
348,467
348,382
348,630
348,508
348,865
349,390
349,655
349,790
349,810
349,939
349,563
349,862
349,650
349,578
349,963
349,580
349,734
349,739
349,748
349,511
350,802
350,419
350,580
350,611
350,615
350,840
350,370
350,367
350,771
350,788
350,920
350,836
350,350
350,799
351,909
351,783
351,580
351,402
351,790
351,663
351,708
351,539
351,546
351,676
351,421
351,557
351,826
351,701
351,488
351,839
351,718
351,728
351,805
351,422
351,742
351,360
351,497
351,633
352,352
352,449
352,790
352,742
352,580
352,529
352,694
352,734
353,647
353,904
353,856
353,412
353,866
353,417
353,427
353,685
353,947
353,950
353,439
353,650
353,447
353,832
353,845
353,976
353,722
353,467
353,980
353,482
353,600
353,865
353,746
353,679
353,626
353,884
353,382
353,630
353,508
354,640
354,961
354,546
354,483
354,742
354,781
354,721
354,790
354,495
354,376
354,697
354,702
355,544
355,761
355,621
355,688
355,977
355,946
355,790
355,617
355,441
355,895
355,556
356,580
356,742
356,615
356,562
356,790
357,646
357,452
357,749
357,786
357,404
357,407
357,536
357,409
357,794
357,669
357,414
357,543
357,752
357,547
357,430
357,432
357,871
357,699
357,704
357,841
357,588
357,464
357,803
357,980
357,742
357,785
357,359
357,493
357,624
357,884
357,758
357,375
357,831
358,530
358,550
358,425
358,689
358,827
358,957
358,448
358,851
358,607
358,358
358,879
358,504
358,762
358,383
359,385
359,774
359,524
359,654
359,790
359,669
359,670
359,780
359,417
359,676
359,687
359,841
359,394
359,703
359,880
359,580
359,584
359,588
359,589
359,722
359,980
359,855
359,728
359,862
359,763
359,872
359,874
359,752
359,372
359,635
359,767
360,897
360,797
360,790
360,774
360,907
360,652
360,400
360,529
360,531
360,580
360,669
360,926
360,416
360,552
360,817
360,698
360,713
360,594
360,855
360,603
360,864
360,740
360,615
360,702
360,507
361,768
361,401
361,616
361,361
361,970
361,651
361,727
361,731
361,924
362,517
362,615
362,362
362,849
362,818
362,638
363,800
363,868
363,614
363,363
363,523
363,754
363,692
363,821
363,726
363,730
363,915
363,639
364,580
365,443
365,742
365,458
365,843
365,365
365,973
365,753
365,790
365,792
365,377
365,702
366,738
366,675
366,745
366,980
366,855
366,703
367,802
367,419
367,580
367,611
367,615
367,840
367,370
367,367
367,771
367,788
367,920
367,836
367,799
368,711
368,748
368,930
368,368
368,657
368,563
368,659
368,382
369,580
369,550
369,425
369,622
369,369
369,851
369,827
369,383
370,802
370,419
370,580
370,611
370,615
370,840
370,370
370,771
370,788
370,920
370,836
370,799
371,808
371,754
371,580
371,393
372,909
372,749
372,785
372,404
372,790
372,536
372,794
372,414
372,543
372,675
372,676
372,421
372,430
372,755
372,464
372,465
372,980
372,805
372,738
372,742
372,493
372,752
372,499
372,884
372,375
372,636
372,661
373,473
374,897
374,388
374,779
374,580
374,531
374,537
374,539
374,797
374,927
374,422
374,424
374,557
374,817
374,826
374,702
374,839
374,718
374,862
374,740
374,488
374,747
374,744
374,498
374,885
375,774
375,654
375,536
375,916
375,661
375,790
375,792
375,410
375,795
375,929
375,427
375,458
375,821
375,580
375,586
375,843
375,973
375,980
375,862
375,615
375,880
375,754
375,755
375,892
375,893
375,767
376,640
376,961
376,483
376,546
376,781
376,721
376,495
376,790
376,697
376,580
376,509
376,702
377,390
377,650
377,790
377,755
377,862
377,949
377,449
377,963
377,580
377,734
377,864
377,661
378,913
378,650
378,580
378,583
379,489
379,468
379,790
379,505
379,379
379,702
380,423
380,428
380,623
380,754
381,580
381,690
381,631
382,774
382,904
382,496
382,659
382,792
382,580
382,412
382,417
382,454
382,647
382,565
382,439
382,966
382,722
382,599
382,739
382,679
382,711
382,626
382,382
383,448
383,689
383,879
383,530
383,504
383,762
383,957
383,607
384,514
384,774
384,777
384,395
384,525
384,406
384,538
384,474
384,518
384,423
384,808
384,809
384,428
384,685
384,945
384,496
384,951
384,480
384,580
384,965
384,971
384,717
384,720
384,725
384,862
384,549
384,738
384,611
384,620
384,878
384,623
385,403
385,404
385,794
385,666
385,414
385,543
385,685
385,430
385,568
385,571
385,573
385,464
385,980
385,474
385,862
385,610
385,876
385,493
385,752
385,884
385,889
386,642
386,806
386,494
386,847
387,800
387,624
387,738
387,580
387,646
387,775
387,650
387,610
387,528
387,661
387,790
387,856
387,890
387,667
387,892
387,866
387,581
388,897
388,779
388,531
388,661
388,537
388,539
388,797
388,927
388,421
388,422
388,424
388,557
388,817
388,826
388,702
388,839
388,718
388,740
388,487
388,488
388,747
388,744
388,498
388,885
389,962
390,576
390,427
390,748
390,908
390,728
390,835
390,916
390,795
390,474
390,930
390,811
390,685
390,862
390,951
390,827
390,778
390,449
390,963
390,580
390,650
390,600
390,601
390,734
390,442
390,939
390,611
390,894
390,615
390,881
390,903
391,580
391,774
391,611
391,951
392,773
392,870
392,871
392,392
392,583
392,407
392,956
393,580
393,808
393,905
393,754
393,393
393,606
394,675
394,584
394,394
394,876
394,980
394,824
394,670
395,742
395,808
395,395
395,494
395,496
396,582
396,449
396,396
396,470
396,580
396,922
397,736
397,580
397,854
397,471
398,644
398,580
398,830
399,580
399,742
399,615
399,790
400,908
400,783
400,402
400,790
400,663
400,580
400,539
400,546
400,826
400,839
400,718
400,728
400,488
400,742
400,497
401,768
401,616
401,970
401,651
401,727
401,731
401,924
402,580
402,677
402,742
402,546
402,702
402,790
402,697
402,603
403,580
403,774
403,430
403,403
403,980
403,855
403,889
403,666
403,926
404,588
404,644
404,774
404,654
404,790
404,669
404,880
404,676
404,811
404,687
404,580
404,584
404,841
404,589
404,980
404,855
404,862
404,763
404,874
404,752
404,635
404,767
405,516
405,405
405,790
405,964
405,560
405,702
405,590
405,733
405,609
405,613
405,742
405,750
405,497
405,938
405,661
406,518
406,777
406,525
406,808
406,809
406,951
406,580
406,965
406,971
406,725
406,611
406,620
406,878
406,636
407,870
407,583
407,625
407,658
407,884
407,825
407,793
407,956
407,773
408,819
408,580
408,742
408,615
409,580
409,669
409,803
409,432
409,434
409,820
409,831
409,578
409,452
409,841
409,588
409,980
409,735
409,763
409,871
409,873
409,758
410,519
410,785
410,790
410,536
410,474
410,416
410,967
410,685
410,687
410,566
410,501
410,968
410,467
410,862
410,742
410,749
410,884
410,545
410,888
410,980
410,892
411,619
411,580
411,490
411,844
412,647
412,904
412,856
412,866
412,790
412,417
412,966
412,947
412,950
412,439
412,650
412,447
412,832
412,845
412,976
412,467
412,482
412,600
412,742
412,615
412,746
412,679
412,722
412,626
412,884
412,630
412,508
412,865
414,645
414,774
414,763
414,909
414,654
414,790
414,669
414,880
414,676
414,687
414,841
414,571
414,573
414,580
414,584
414,588
414,589
414,978
414,980
414,855
414,862
414,805
414,421
414,874
414,752
414,635
414,767
415,433
415,648
415,580
415,742
416,545
416,811
416,687
416,816
416,951
416,580
416,967
416,466
416,846
416,859
416,611
416,884
416,501
416,892
417,647
417,904
417,482
417,738
417,866
417,966
417,685
417,947
417,950
417,439
417,447
417,832
417,845
417,976
417,722
417,675
417,980
417,856
417,746
417,679
417,626
417,467
417,464
417,630
417,508
417,865
418,418
418,900
418,650
418,580
418,968
418,569
419,802
419,419
419,580
419,611
419,615
419,840
419,771
419,788
419,920
419,836
419,799
420,815
420,896
420,420
420,770
420,719
420,436
420,852
420,604
420,917
421,699
421,777
421,855
421,783
421,661
421,914
421,534
421,537
421,687
421,673
421,546
421,422
421,615
421,556
421,557
421,871
421,821
421,441
421,573
421,544
421,839
421,841
421,761
421,580
421,978
421,468
421,697
421,949
421,880
421,864
421,742
421,487
421,743
421,752
421,754
421,885
421,724
421,831
421,507
421,765
421,766
421,767
422,897
422,779
422,790
422,537
422,927
422,702
422,839
422,718
422,488
422,498
422,885
423,580
423,965
423,774
423,423
423,808
423,428
423,623
423,754
423,777
424,897
424,778
424,779
424,537
424,927
424,557
424,702
424,963
424,839
424,718
424,615
424,488
424,885
425,448
425,739
425,689
425,879
425,530
425,437
425,504
425,762
425,957
425,607
426,774
426,460
426,877
426,686
426,754
426,567
426,635
426,445
427,647
427,904
427,661
427,790
427,679
427,687
427,564
427,439
427,828
427,580
427,966
427,887
427,482
427,774
427,980
427,742
427,880
427,754
427,635
428,580
428,965
428,774
428,808
428,428
428,623
428,754
428,777
429,929
429,737
429,586
429,429
430,588
430,774
430,654
430,790
430,666
430,669
430,880
430,676
430,687
430,580
430,584
430,841
430,589
430,980
430,855
430,862
430,763
430,874
430,752
430,635
430,767
431,800
431,624
431,738
431,580
431,775
431,650
431,610
431,528
431,645
431,866
431,661
431,790
431,890
431,892
431,581
432,901
432,580
432,669
432,434
432,564
432,820
432,831
432,452
432,841
432,588
432,589
432,980
432,763
432,489
432,884
432,758
432,873
433,546
433,742
433,615
433,648
433,489
433,433
433,790
433,468
433,662
433,728
433,580
433,955
433,477
433,702
434,578
434,803
434,452
434,871
434,489
434,820
434,758
434,873
434,763
434,980
434,669
434,735
435,932
435,741
435,942
435,435
435,596
435,691
436,494
436,656
436,436
436,438
436,764
437,580
437,597
437,442
437,981
438,656
438,764
438,438
439,774
439,647
439,904
439,785
439,794
439,866
439,966
439,685
439,947
439,950
439,447
439,832
439,845
439,976
439,722
439,675
439,980
439,482
439,856
439,746
439,679
439,626
439,467
439,464
439,630
439,508
439,865
440,664
441,683
441,688
441,977
441,946
441,790
441,617
441,963
442,489
442,650
442,654
442,593
442,742
442,459
442,963
442,580
442,790
442,702
443,520
443,535
443,552
443,566
443,958
443,457
443,467
443,858
443,882
443,500
443,888
443,892
444,449
444,580
444,681
444,523
444,914
444,462
444,754
444,821
444,575
445,899
445,774
445,567
445,460
445,695
445,877
445,686
445,754
445,635
445,445
446,580
446,935
447,647
447,904
447,482
447,866
447,947
447,950
447,832
447,966
447,845
447,976
447,467
447,980
447,856
447,868
447,746
447,679
447,722
447,626
447,630
447,508
447,865
448,530
448,550
448,689
448,827
448,957
448,448
448,851
448,607
448,879
448,504
448,762
449,857
449,563
449,576
449,578
449,580
449,582
449,597
449,600
449,601
449,602
449,611
449,650
449,657
449,675
449,681
449,685
449,706
449,728
449,732
449,734
449,748
449,759
449,778
449,790
449,811
449,833
449,835
449,837
449,908
449,655
449,862
449,868
449,869
449,894
449,903
449,921
449,922
449,939
449,951
449,959
449,963
449,969
449,461
449,470
449,474
449,479
449,489
449,511
450,672
450,742
450,693
450,790
450,476
451,611
451,580
451,951
452,898
452,901
452,646
452,578
452,580
452,669
452,547
452,820
452,969
452,699
452,452
452,841
452,588
452,803
452,980
452,597
452,735
452,763
452,871
452,489
452,873
452,624
452,884
452,758
452,869
452,831
452,894
453,707
453,796
453,838
453,774
454,739
454,774
454,454
454,792
454,496
454,565
454,580
454,599
455,936
455,494
456,579
456,742
456,790
457,882
458,963
458,903
458,458
458,843
458,973
458,790
458,792
458,650
458,702
459,593
459,702
460,899
460,774
460,567
460,460
460,695
460,877
460,686
460,754
460,635
461,580
461,774
461,855
462,800
462,580
462,715
462,754
462,821
462,759
462,868
462,575
463,579
464,774
464,654
464,790
464,669
464,926
464,676
464,841
464,687
464,880
464,580
464,581
464,584
464,588
464,589
464,980
464,855
464,862
464,763
464,874
464,679
464,752
464,635
464,767
465,707
465,484
465,876
465,654
465,580
465,952
465,819
465,568
466,545
466,967
466,687
466,466
466,884
466,816
467,774
467,647
467,904
467,650
467,482
467,866
467,661
467,790
467,669
467,754
467,816
467,947
467,580
467,966
467,845
467,976
467,855
467,856
467,862
467,480
467,742
467,615
467,746
467,679
467,878
467,880
467,626
467,702
467,630
467,631
467,635
467,508
467,865
468,580
468,648
468,505
468,702
469,780
469,872
469,618
469,524
469,580
470,582
470,470
470,580
470,922
471,736
471,580
471,854
471,471
471,632
472,952
472,580
472,707
473,577
473,838
473,940
473,974
473,891
474,774
474,650
474,661
474,790
474,687
474,816
474,963
474,580
474,501
474,734
474,742
474,615
474,496
474,892
475,611
475,580
475,951
476,672
476,963
476,742
476,476
476,554
476,980
476,661
476,790
477,608
477,742
477,673
477,648
477,662
477,955
477,702
478,754
478,523
479,563
479,580
480,808
480,620
480,888
480,566
480,636
480,829
481,481
481,642
481,615
481,522
481,790
481,580
482,647
482,904
482,785
482,866
482,966
482,947
482,950
482,832
482,845
482,976
482,722
482,980
482,856
482,746
482,679
482,626
482,630
482,508
482,865
483,640
483,961
483,483
483,781
483,721
483,546
483,702
483,495
483,697
483,862
484,675
484,636
484,755
484,980
484,794
484,661
485,580
485,716
485,693
485,517
485,485
486,704
486,580
486,742
486,615
486,687
486,790
486,540
486,862
487,897
487,779
487,909
487,580
487,790
487,537
487,927
487,676
487,557
487,702
487,839
487,718
487,862
487,805
487,488
487,498
487,885
488,897
488,779
488,531
488,537
488,797
488,539
488,557
488,817
488,790
488,826
488,927
488,702
488,839
488,718
488,580
488,603
488,740
488,744
488,747
488,498
488,885
489,704
489,648
489,908
489,663
489,580
489,539
489,927
489,561
489,951
489,673
489,589
489,595
489,981
489,728
489,611
489,894
489,871
489,647
489,886
489,511
489,505
490,490
490,844
490,619
490,637
491,517
491,937
491,558
491,580
491,819
491,661
491,755
492,580
492,724
492,790
492,728
492,702
493,588
493,774
493,654
493,790
493,669
493,880
493,687
493,580
493,584
493,841
493,589
493,595
493,980
493,855
493,676
493,862
493,763
493,874
493,752
493,635
493,767
494,848
494,936
494,591
494,515
494,496
494,943
494,542
494,555
495,640
495,961
495,781
495,721
495,546
495,702
495,697
495,862
496,513
496,808
496,685
496,962
496,599
496,862
496,742
496,496
496,506
497,516
497,790
497,964
497,702
497,590
497,603
497,733
497,609
497,613
497,742
497,617
497,621
497,750
497,895
497,938
497,661
498,897
498,747
498,778
498,779
498,911
498,531
498,537
498,665
498,797
498,539
498,557
498,817
498,826
498,927
498,702
498,963
498,839
498,718
498,601
498,740
498,615
498,744
498,885
499,580
499,742
499,774
499,615
499,533
499,790
499,855
500,520
500,558
500,535
500,580
500,858
501,862
501,742
501,545
501,968
501,967
501,685
501,687
501,884
501,501
501,790
501,980
501,816
502,696
502,502
502,580
502,925
502,782
503,580
503,517
503,849
503,503
503,638
504,530
504,550
504,689
504,827
504,957
504,851
504,607
504,879
504,504
504,762
505,790
505,702
506,579
506,804
506,837
506,643
506,760
507,611
507,676
507,807
507,951
507,909
507,963
507,790
507,601
507,580
507,805
508,647
508,904
508,866
508,966
508,754
508,947
508,950
508,832
508,976
508,980
508,856
508,868
508,746
508,679
508,722
508,626
508,630
508,865
509,710
509,728
509,790
509,702
510,953
510,975
510,863
511,655
511,939
511,969
511,693
511,951
511,963
511,580
511,597
511,611
511,869
511,748
512,579
512,580
512,934
512,975
512,953
513,804
513,837
513,643
514,945
514,538
515,848
515,624
515,515
515,555
515,591
515,943
515,542
516,516
516,790
516,964
516,560
516,702
516,590
516,733
516,609
516,613
516,742
516,750
516,938
516,661
517,903
517,520
517,778
517,535
517,580
517,937
517,558
517,818
517,951
517,576
517,577
517,835
517,715
517,716
517,849
517,611
517,615
517,638
518,720
518,518
518,808
518,777
518,971
518,620
518,528
518,774
518,521
518,636
518,549
519,687
519,601
519,702
520,834
520,842
520,558
520,535
521,549
521,774
521,808
521,777
521,971
521,525
521,528
521,809
521,965
521,906
522,642
522,615
522,522
522,790
522,580
523,800
523,814
523,754
523,915
523,730
523,954
523,639
524,642
524,675
524,618
524,780
524,653
524,526
524,980
524,661
525,808
525,639
525,623
525,528
525,809
525,635
525,549
526,580
526,780
526,872
526,618
527,579
527,580
527,551
527,622
527,598
527,827
528,809
528,580
528,808
528,971
528,774
528,777
528,549
528,965
529,739
529,551
529,529
529,598
530,530
530,550
530,689
530,827
530,957
530,851
530,607
530,879
530,762
531,897
531,779
531,531
531,790
531,537
531,797
531,557
531,817
531,927
531,702
531,839
531,718
531,740
531,617
531,885
532,776
532,709
533,580
533,614
533,615
533,790
534,702
534,534
534,783
535,535
535,858
536,774
536,654
536,785
536,790
536,536
536,821
536,580
536,980
536,862
536,742
536,615
536,749
536,880
536,754
536,767
537,897
537,779
537,797
537,927
537,539
537,557
537,817
537,826
537,702
537,839
537,718
537,740
537,742
537,747
537,744
537,885
538,717
538,945
539,897
539,779
539,927
539,557
539,702
539,963
539,839
539,716
539,718
539,603
539,747
539,885
540,704
540,580
540,615
540,860
540,687
540,742
540,980
540,862
540,790
540,540
541,791
542,848
542,624
542,555
542,591
542,943
542,542
543,588
543,774
543,654
543,790
543,708
543,669
543,880
543,676
543,687
543,580
543,584
543,841
543,589
543,980
543,855
543,862
543,763
543,874
543,876
543,752
543,633
543,635
543,767
544,683
544,621
544,688
544,977
544,946
544,790
544,617
544,963
544,895
545,580
545,967
545,846
545,687
545,980
545,790
545,892
545,816
546,640
546,648
546,650
546,781
546,661
546,697
546,778
546,702
546,961
546,963
546,580
546,721
546,981
546,601
546,603
546,742
547,841
547,588
547,884
547,758
547,831
548,923
549,809
549,635
549,819
549,777
549,568
549,623
549,965
550,689
550,879
550,762
550,957
550,607
551,598
551,551
551,580
551,565
551,827
552,579
552,580
552,552
552,749
552,790
552,964
552,698
552,882
552,958
553,738
553,580
553,615
553,745
553,910
553,855
553,703
554,672
555,848
555,624
555,555
555,591
555,943
556,683
556,621
556,688
556,977
556,946
556,790
556,617
556,963
556,895
557,897
557,779
557,797
557,927
557,817
557,790
557,826
557,702
557,839
557,718
557,740
557,747
557,744
557,885
558,807
558,580
558,565
559,576
559,963
559,742
559,903
559,650
559,600
559,601
559,580
559,835
559,778
560,790
560,964
560,929
560,702
560,586
560,587
560,590
560,733
560,609
560,613
560,742
560,750
560,938
560,661
561,869
561,597
561,969
562,933
562,884
562,980
563,580
563,711
563,939
563,748
563,655
563,659
563,921
563,734
564,742
564,589
564,894
565,716
565,580
565,599
565,598
566,774
566,650
566,661
566,790
566,669
566,816
566,702
566,580
566,855
566,862
566,677
566,742
566,615
566,878
566,880
566,754
566,631
566,635
567,899
567,639
567,567
567,695
567,686
567,877
567,635
568,610
568,615
568,876
568,980
568,889
568,580
568,862
569,900
569,580
570,963
570,742
570,615
570,650
570,973
570,661
570,790
570,728
570,601
570,702
571,774
571,752
571,884
571,790
571,794
572,972
572,702
573,676
573,774
573,909
573,752
573,884
573,790
573,794
573,805
574,580
574,963
575,868
575,754
575,821
575,759
576,650
576,779
576,790
576,807
576,862
576,963
576,580
576,734
576,864
576,615
577,577
578,871
578,629
578,873
578,939
578,748
578,669
578,853
578,758
578,763
578,735
579,790
579,580
579,923
579,812
579,693
579,830
579,592
579,761
579,742
579,617
579,958
579,760
580,580
580,582
580,585
580,589
580,597
580,598
580,599
580,600
580,601
580,602
580,603
580,604
580,606
580,608
580,610
580,611
580,612
580,614
580,615
580,617
580,618
580,622
580,623
580,624
580,625
580,632
580,633
580,634
580,639
580,645
580,646
580,648
580,650
580,654
580,655
580,657
580,658
580,661
580,663
580,666
580,668
580,674
580,675
580,676
580,677
580,680
580,681
580,682
580,685
580,687
580,688
580,692
580,693
580,694
580,696
580,697
580,698
580,699
580,702
580,705
580,706
580,708
580,716
580,718
580,721
580,728
580,729
580,732
580,734
580,738
580,739
580,742
580,744
580,748
580,749
580,752
580,754
580,755
580,756
580,758
580,759
580,765
580,771
580,773
580,774
580,778
580,782
580,785
580,786
580,788
580,790
580,794
580,795
580,801
580,802
580,803
580,804
580,805
580,807
580,810
580,811
580,812
580,819
580,822
580,825
580,833
580,834
580,835
580,836
580,837
580,840
580,842
580,844
580,850
580,855
580,857
580,859
580,860
580,861
580,862
580,863
580,868
580,869
580,871
580,876
580,880
580,881
580,884
580,888
580,890
580,892
580,894
580,900
580,903
580,905
580,906
580,908
580,909
580,912
580,916
580,918
580,919
580,920
580,921
580,922
580,923
580,925
580,930
580,934
580,937
580,938
580,939
580,951
580,953
580,958
580,959
580,963
580,964
580,968
580,969
580,975
580,978
580,980
581,774
581,775
581,661
581,738
581,666
581,667
581,800
581,646
581,723
581,980
581,610
581,874
581,875
581,624
581,890
581,892
582,739
582,582
582,922
583,773
583,870
583,650
583,825
583,625
583,658
583,793
583,956
584,794
584,670
584,675
584,824
584,704
584,980
584,610
584,876
584,752
584,884
585,930
585,881
586,650
586,909
586,661
586,938
586,693
586,702
586,963
586,964
586,862
586,609
586,750
587,609
587,964
587,938
587,750
587,702
587,601
587,963
588,794
588,669
588,699
588,841
588,803
588,980
588,871
588,752
588,884
588,758
588,831
589,869
589,794
589,871
589,884
589,980
589,752
590,790
590,964
590,702
590,590
590,733
590,609
590,613
590,742
590,750
590,938
590,661
591,848
591,624
591,591
591,943
593,702
594,893
594,702
595,645
595,963
595,980
596,932
596,741
596,942
596,850
596,691
596,823
596,789
597,927
598,827
599,739
599,774
599,792
599,599
600,647
600,790
600,862
600,963
600,966
600,856
600,734
600,866
600,742
600,615
600,635
601,640
601,904
601,650
601,784
601,792
601,663
601,964
601,602
601,862
601,677
601,693
601,949
601,718
601,728
601,734
601,609
601,612
601,744
602,611
602,857
602,951
602,732
602,963
603,783
603,790
603,663
603,677
603,753
603,680
603,826
603,949
603,839
603,718
603,728
603,861
603,742
603,766
604,896
604,770
604,815
604,852
604,917
605,617
605,895
605,621
606,808
606,754
607,689
607,827
607,957
607,851
607,607
607,879
607,762
608,742
608,790
608,702
609,929
609,702
609,963
609,964
609,733
609,613
609,750
609,938
610,646
610,775
610,916
610,661
610,790
610,666
610,667
610,794
610,670
610,774
610,679
610,800
610,980
610,862
610,738
610,742
610,615
610,876
610,624
610,889
610,890
610,892
611,615
611,617
611,650
611,706
611,655
611,963
611,661
611,675
611,681
611,693
611,734
611,754
611,771
611,773
611,774
611,788
611,790
611,802
611,807
611,732
611,822
611,836
611,840
611,844
611,862
611,868
611,881
611,912
611,920
611,923
611,951
612,615
612,909
612,784
612,963
612,795
612,702
613,790
613,964
613,702
613,733
613,613
613,742
613,750
613,938
613,661
614,742
614,614
614,615
614,774
614,790
614,692
614,726
614,730
614,915
615,887
615,862
615,778
615,625
615,635
615,638
615,642
615,648
615,650
615,658
615,661
615,676
615,667
615,685
615,687
615,692
615,694
615,701
615,715
615,721
615,738
615,742
615,749
615,755
615,725
615,771
615,774
615,775
615,785
615,788
615,790
615,802
615,805
615,818
615,819
615,825
615,835
615,836
615,840
615,841
615,849
615,856
615,860
615,865
615,866
615,878
615,880
615,881
615,888
615,889
615,890
615,892
615,903
615,909
615,920
615,914
615,930
615,938
615,754
615,951
615,964
615,980
615,981
616,970
616,651
616,727
616,731
616,924
617,897
617,797
617,688
617,817
617,946
617,951
617,977
617,740
617,761
617,895
619,844
619,619
619,637
620,774
620,636
620,620
620,720
620,808
620,725
621,977
621,797
621,688
621,946
621,895
623,809
623,774
623,808
623,754
623,777
623,965
624,775
624,661
624,790
624,667
624,669
624,800
624,943
624,738
624,848
624,980
624,862
624,742
624,647
624,884
624,890
624,831
624,892
625,742
625,790
625,956
625,773
626,647
626,904
626,914
626,866
626,966
626,947
626,950
626,832
626,845
626,976
626,980
626,856
626,868
626,746
626,679
626,722
626,630
626,865
627,684
627,629
628,756
629,774
629,844
629,754
629,820
629,629
629,763
630,647
630,904
630,866
630,966
630,947
630,950
630,832
630,845
630,976
630,722
630,980
630,856
630,868
630,746
630,679
630,865
631,888
632,736
632,854
633,928
633,742
633,633
633,728
633,708
633,702
634,819
635,899
635,877
635,774
635,777
635,650
635,814
635,875
635,794
635,795
635,808
635,809
635,692
635,954
635,965
635,695
635,752
635,754
635,723
635,884
635,888
635,916
635,635
635,686
636,720
636,774
636,808
636,725
637,844
637,693
637,696
637,637
638,818
639,800
639,906
639,877
639,814
639,754
639,915
639,730
639,639
639,954
639,686
640,781
640,790
640,697
640,702
640,961
640,963
640,721
640,742
640,753
641,738
641,742
641,910
641,787
641,980
641,790
641,855
641,703
642,931
642,790
642,666
643,837
644,742
644,812
644,830
644,862
644,693
645,646
645,980
645,661
646,647
646,661
646,790
646,669
646,800
646,775
646,831
646,738
646,980
646,862
646,742
646,884
646,890
646,892
647,904
647,856
647,866
647,966
647,685
647,947
647,950
647,650
647,832
647,845
647,976
647,980
647,742
647,746
647,679
647,722
647,884
647,865
648,742
648,790
648,981
648,662
648,728
648,955
648,702
649,962
650,778
650,685
650,692
650,697
650,734
650,742
650,748
650,790
650,792
650,811
650,831
650,835
650,841
650,843
650,856
650,862
650,866
650,888
650,892
650,894
650,900
650,903
650,908
650,929
650,939
650,951
650,963
650,966
650,973
652,941
653,675
653,872
653,980
653,794
654,749
654,785
654,794
654,862
654,742
654,752
654,884
655,939
655,951
655,963
655,857
655,734
655,748
655,894
656,656
656,764
657,711
657,748
657,659
657,734
658,742
658,773
658,790
658,831
658,956
659,711
659,748
659,930
659,659
660,940
660,660
660,813
661,672
661,676
661,685
661,687
661,697
661,699
661,705
661,721
661,728
661,733
661,735
661,742
661,743
661,763
661,774
661,780
661,784
661,790
661,795
661,800
661,805
661,819
661,839
661,855
661,862
661,872
661,874
661,888
661,890
661,892
661,909
661,916
661,926
661,929
661,951
661,964
662,742
662,909
662,955
662,702
663,701
663,886
663,702
663,790
663,778
663,963
665,742
665,839
665,778
665,911
665,885
665,790
665,665
665,798
665,702
666,774
666,875
666,980
666,889
666,704
666,723
666,926
667,800
667,742
667,746
667,775
667,738
667,980
667,790
667,890
667,667
667,892
669,794
669,803
669,820
669,699
669,752
669,735
669,841
669,763
669,873
669,871
669,884
669,758
669,888
669,831
670,704
670,675
670,876
670,980
670,824
672,963
672,742
672,980
672,790
673,742
673,702
674,837
675,780
675,910
675,918
675,679
675,824
675,703
675,951
675,722
675,872
675,880
675,767
676,831
676,777
676,914
676,884
676,794
676,687
676,880
676,871
676,821
676,841
676,724
676,855
676,699
676,742
676,743
676,752
676,754
676,765
676,766
676,767
677,963
677,790
677,742
677,811
677,753
677,702
677,861
677,949
678,963
678,765
679,976
679,904
679,785
679,794
679,866
679,966
679,685
679,947
679,950
679,832
679,845
679,722
679,980
679,856
679,746
679,865
680,963
680,742
680,680
680,980
680,790
681,904
681,914
681,951
681,702
681,868
681,746
681,759
681,765
681,894
682,682
682,690
682,693
683,761
684,684
685,790
685,774
685,687
685,816
685,963
685,966
685,734
685,742
685,722
686,899
686,695
686,686
686,877
687,811
687,909
687,790
687,795
687,794
687,860
687,846
687,816
687,699
687,967
687,980
687,862
687,805
687,742
687,752
687,755
687,884
687,916
687,892
688,761
688,977
688,946
688,790
688,895
689,689
689,827
689,957
689,851
689,879
689,762
691,932
691,741
691,942
691,691
692,790
692,692
692,763
692,726
692,915
693,844
693,963
693,716
693,729
693,929
693,808
693,693
693,951
694,742
695,774
695,877
695,754
696,782
696,925
697,781
697,697
697,778
697,702
697,961
697,963
697,721
697,742
698,958
699,909
699,790
699,805
699,831
699,841
699,980
699,862
699,742
699,884
699,758
701,790
701,701
701,702
702,888
702,779
702,705
702,708
702,886
702,712
702,713
702,721
702,724
702,718
702,728
702,733
702,742
702,747
702,750
702,753
702,766
702,781
702,783
702,790
702,792
702,797
702,798
702,817
702,826
702,907
702,839
702,843
702,740
702,864
702,744
702,883
702,885
702,887
702,893
702,897
702,902
702,911
702,927
702,928
702,929
702,938
702,949
702,955
702,960
702,961
702,964
702,972
702,973
702,981
702,769
702,784
703,738
703,910
703,855
703,787
703,980
703,745
703,862
704,868
704,876
704,860
704,754
704,980
704,926
704,821
705,963
705,887
706,951
706,857
706,963
707,819
708,928
708,769
708,742
708,728
710,964
711,711
711,748
711,930
713,981
714,941
715,754
716,807
717,945
718,897
718,779
718,797
718,817
718,790
718,826
718,927
718,963
718,839
718,740
718,747
718,744
718,885
720,808
720,971
720,725
721,781
721,790
721,961
721,963
721,721
721,742
722,904
722,866
722,966
722,947
722,950
722,832
722,845
722,976
722,980
722,856
722,746
722,865
723,774
723,875
723,723
723,754
724,805
724,963
724,742
724,909
724,790
725,742
725,808
726,726
726,730
726,915
728,790
728,812
728,960
728,963
728,978
728,826
728,742
728,747
728,888
729,729
730,800
730,868
730,821
730,814
730,754
730,730
730,915
730,954
732,951
732,857
733,790
733,964
733,733
733,742
733,750
733,938
734,939
734,903
734,748
734,908
734,963
734,811
734,951
734,835
734,778
734,862
734,894
735,742
735,871
735,873
735,820
735,758
735,763
735,735
736,854
738,775
738,787
738,790
738,800
738,980
738,855
738,862
738,742
738,890
738,892
739,930
739,807
739,963
739,881
740,897
740,779
740,790
740,797
740,817
740,927
740,839
740,740
740,885
741,932
741,741
741,942
742,769
742,911
742,745
742,747
742,750
742,753
742,755
742,774
742,775
742,781
742,787
742,790
742,795
742,805
742,816
742,821
742,825
742,826
742,914
742,839
742,860
742,862
742,865
742,743
742,878
742,880
742,744
742,888
742,889
742,890
742,893
742,909
742,916
742,928
742,938
742,754
742,949
742,927
742,964
742,980
742,763
742,767
743,909
743,752
743,980
743,790
743,805
744,897
744,779
744,790
744,927
744,963
744,839
744,885
745,910
745,787
745,980
745,790
745,855
746,904
746,866
746,966
746,775
746,947
746,950
746,832
746,845
746,976
746,980
746,856
746,865
747,897
747,790
747,927
747,826
747,779
747,839
747,747
747,885
748,790
748,939
748,862
748,963
748,748
749,774
749,790
749,821
749,958
749,980
749,862
749,880
749,754
749,767
750,929
750,964
750,938
751,813
752,774
752,904
752,909
752,790
752,884
752,794
752,752
752,841
752,880
752,978
752,980
752,855
752,862
752,763
752,874
752,805
752,767
753,862
753,949
753,861
754,754
754,759
754,774
754,785
754,790
754,795
754,800
754,805
754,814
754,821
754,905
754,845
754,868
754,875
754,888
754,890
754,894
754,899
754,906
754,909
754,915
754,916
754,919
754,951
754,954
754,978
755,763
755,774
755,790
755,862
756,979
756,774
757,757
758,820
758,831
758,841
758,803
758,980
758,763
758,871
758,873
758,758
759,800
759,914
759,821
760,837
761,946
761,977
761,790
761,963
762,827
762,957
762,851
762,879
762,762
763,906
763,794
763,803
763,820
763,884
763,873
763,871
765,909
765,805
765,790
766,909
766,790
766,805
767,909
767,785
767,790
767,794
767,980
767,805
767,872
767,884
768,924
769,928
769,769
769,790
770,896
770,770
770,815
770,852
770,917
771,802
771,840
771,920
771,788
771,771
771,836
771,799
772,949
773,791
773,793
773,825
773,956
773,841
773,951
773,844
773,870
774,951
774,774
774,785
774,786
774,794
774,795
774,814
774,859
774,862
774,874
774,875
774,884
774,888
774,916
774,899
774,926
774,954
774,968
774,971
775,790
775,800
775,980
775,978
775,890
775,892
776,790
777,790
777,909
777,808
777,809
777,971
777,805
778,779
778,911
778,790
778,807
778,862
778,963
778,864
779,903
779,797
779,927
779,817
779,790
779,826
779,897
779,835
779,839
779,969
779,981
779,885
780,980
781,961
781,781
781,790
782,782
782,925
784,963
785,904
785,790
785,828
785,821
785,980
785,862
785,880
786,900
787,910
787,787
787,980
787,790
787,855
788,802
788,840
788,920
788,788
788,836
788,799
789,850
789,823
790,939
790,819
790,871
790,826
790,794
790,884
790,881
790,887
790,889
790,888
790,792
790,795
790,797
790,816
790,817
790,821
790,825
790,914
790,897
790,835
790,837
790,841
790,843
790,855
790,856
790,911
790,860
790,862
790,865
790,880
790,916
790,890
790,892
790,893
790,831
790,903
790,866
790,928
790,930
790,951
790,958
790,964
790,972
790,973
790,981
790,978
790,980
791,844
791,791
792,903
792,963
793,844
793,793
793,956
794,904
794,880
794,841
794,980
794,855
794,862
794,874
795,880
795,887
795,980
795,828
796,796
796,838
797,897
797,797
797,817
797,927
797,839
797,885
797,895
798,805
798,911
799,802
799,836
799,840
799,920
800,915
800,814
800,954
800,821
800,845
800,980
800,868
800,890
800,892
801,801
801,810
801,812
802,802
802,840
802,920
802,836
803,831
803,803
803,841
803,871
803,820
803,873
803,980
805,831
805,914
805,880
805,821
805,871
805,841
805,855
806,806
806,847
807,903
807,951
807,835
808,965
808,809
808,905
808,829
808,878
809,809
809,965
810,812
811,961
811,963
811,862
812,885
813,940
814,821
814,915
814,868
815,852
816,967
816,968
816,846
816,862
816,884
816,888
816,980
816,892
817,897
817,817
817,927
817,839
817,885
818,849
818,818
819,937
819,952
820,871
820,853
820,873
821,909
821,915
821,954
821,978
821,980
821,868
822,951
825,913
825,956
826,897
826,927
826,839
826,885
827,957
827,834
827,842
827,879
828,835
828,914
828,894
829,829
831,909
831,860
831,841
831,871
831,884
832,904
832,866
832,966
832,947
832,950
832,845
832,976
832,980
832,856
832,868
832,865
833,857
834,834
834,842
835,862
835,963
835,864
836,840
836,920
836,836
838,838
839,897
839,911
839,927
839,839
839,885
840,840
840,920
841,909
841,871
841,884
842,842
843,963
843,903
844,951
845,904
845,947
845,950
845,976
845,980
845,856
845,868
845,865
846,967
846,846
846,884
846,980
847,847
848,848
848,943
851,879
851,957
852,896
852,917
855,909
855,910
855,862
855,884
855,888
855,980
856,904
856,908
856,947
856,950
856,966
856,976
856,980
856,884
856,865
857,963
857,857
857,959
859,909
859,859
860,862
861,949
862,880
862,884
862,888
862,892
862,894
862,903
862,908
862,929
862,939
862,951
862,963
862,980
863,953
863,975
864,903
865,904
865,866
865,966
865,947
865,950
865,976
866,904
866,947
866,950
866,908
866,976
866,980
866,884
868,914
868,915
868,947
868,951
868,954
868,976
868,894
868,890
869,927
870,870
870,871
870,956
871,898
871,901
871,909
871,956
871,980
871,884
871,873
872,980
874,884
874,926
875,875
876,980
876,889
877,899
877,877
878,888
879,957
879,879
880,909
880,884
880,888
880,916
880,980
881,951
884,966
884,967
884,980
884,933
885,897
885,911
885,927
885,885
887,916
890,947
890,980
890,892
892,909
892,966
892,967
893,980
894,908
894,963
894,931
895,977
895,946
895,895
897,897
897,927
898,901
898,898
900,968
902,972
903,963
903,973
904,966
904,947
904,950
904,963
904,976
904,980
907,981
908,964
908,963
909,914
909,929
910,980
912,951
914,978
915,915
915,954
916,980
920,951
922,922
923,951
924,924
925,925
927,969
929,938
929,963
929,964
932,932
932,942
934,975
934,953
937,937
938,964
939,939
939,963
942,942
943,943
947,966
947,950
947,976
947,980
949,963
949,980
950,966
950,976
950,980
951,963
951,951
953,953
953,975
957,957
958,964
959,963
960,979
963,964
963,973
966,976
966,980
967,980
972,972
976,980
